x,y,lat,lon,r,g,b,frame_temp_C,colour_dist
1797,1530,-44.5166,-22.0166,69,161,220,8.344544708777688,9.49
2856,1511,-42.8467,71.0596,146,198,237,11.305988515176374,3.0
3996,1685,-58.1396,171.2549,0,127,200,4.105004101722724,2.24
3219,1533,-44.7803,102.9639,111,180,229,9.77850697292863,5.92
1844,1677,-57.4365,-17.8857,0,53,98,-1.4749794913863825,1.0
3796,1622,-52.6025,153.6768,16,142,210,7.097621000820343,13.96
3370,1560,-47.1533,116.2354,86,168,224,8.843314191960623,8.37
930,1605,-51.1084,-98.2178,27,145,212,7.315832649712879,13.96
261,1580,-48.9111,-157.0166,99,174,226,9.373256767842495,7.48
2587,1518,-43.4619,47.417,0,127,200,4.105004101722724,2.24
797,1301,-24.3896,-109.9072,211,150,100,22.434782608695652,0.0
179,1372,-30.6299,-164.2236,251,213,164,17.665299425758818,1.0
2797,1444,-36.958,65.874,182,214,242,13.55045118949959,5.1
3962,1309,-25.0928,168.2666,210,149,99,22.465955701394584,1.0
1517,1404,-33.4424,-46.626,248,205,154,18.22641509433962,2.45
776,1372,-30.6299,-111.7529,245,202,149,18.47579983593109,1.73
1948,1449,-37.3975,-8.7451,175,211,243,12.989335520918786,4.12
2743,1427,-35.4639,61.1279,186,215,242,13.79983593109106,5.0
3296,1289,-23.335,109.7314,207,144,96,22.74651353568499,1.0
1180,1390,-32.2119,-76.2451,254,225,185,16.480721903199345,1.73
572,1096,-6.3721,-129.6826,151,55,45,28.29532403609516,4.47
30,1206,-16.04,-177.3193,167,70,53,26.89253486464315,4.58
2723,1072,-4.2627,59.3701,143,49,43,28.794093519278093,3.61
3197,1091,-5.9326,101.0303,169,73,55,26.674323215750615,5.39
469,1219,-17.1826,-138.7354,177,90,66,25.83264971287941,7.35
1929,1099,-6.6357,-10.415,188,111,76,24.928630024610335,4.36
3133,1122,-8.6572,95.4053,167,70,53,26.89253486464315,4.58
1788,1244,-19.3799,-22.8076,197,128,84,23.962264150943394,3.0
1673,1202,-15.6885,-32.915,176,88,64,25.894995898277276,7.0
958,1057,-2.9443,-95.7568,168,72,54,26.830188679245285,5.39
2711,957,5.8447,58.3154,132,43,42,29.760459392945037,2.24
3210,897,11.1182,102.1729,130,42,41,29.853978671041837,2.45
1664,872,13.3154,-33.7061,147,52,44,28.54470877768663,3.61
683,838,16.3037,-119.9268,136,45,42,29.417555373256768,3.16
368,1018,0.4834,-147.6123,129,41,41,29.978671041837572,2.24
2052,987,3.208,0.3955,166,69,53,26.89253486464315,5.2
2852,989,3.0322,70.708,120,39,42,30.60213289581624,1.41
1560,922,8.9209,-42.8467,124,40,41,30.32157506152584,1.41
359,941,7.251,-148.4033,132,43,42,29.760459392945037,2.24
3939,997,2.3291,166.2451,134,44,42,29.698113207547173,3.0
3969,735,25.3564,168.8818,154,56,46,27.983593109105826,3.0
3697,774,21.9287,144.9756,123,40,41,30.32157506152584,1.73
3508,756,23.5107,128.3643,142,48,43,29.012305168170627,3.16
1703,777,21.665,-30.2783,164,67,51,27.017227235438884,5.48
591,721,26.5869,-128.0127,208,145,97,22.652994257588187,1.0
3789,757,23.4229,153.0615,138,46,42,29.199343724364233,3.61
1420,664,31.5967,-55.1514,149,53,44,28.420016406890895,3.61
93,661,31.8604,-171.7822,185,106,73,25.084495488105002,5.74
338,618,35.6396,-150.249,202,137,90,23.27645611156686,2.24
2341,583,38.7158,25.7959,205,141,94,22.99589827727646,1.41
88,469,48.7354,-172.2217,158,204,241,11.991796554552913,2.83
3670,380,56.5576,142.6025,122,185,231,10.277276456111569,5.83
3751,544,42.1436,149.7217,250,209,158,18.07054963084495,3.0
153,516,44.6045,-166.5088,248,205,154,18.22641509433962,2.45
1519,442,51.1084,-46.4502,136,192,235,10.838392124692371,3.74
3903,496,46.3623,163.0811,254,220,173,17.07301066447908,2.24
3834,510,45.1318,157.0166,241,224,202,15.38966365873667,10.34
183,531,43.2861,-163.8721,230,175,120,20.533223954060706,2.45
4064,469,48.7354,177.2314,170,210,243,12.73995077932732,2.45
3659,366,57.7881,141.6357,117,182,229,9.996718621821165,6.56
