kind,x,y,alpha,frame_rate,frame_phase,match_dist,lat,lon
rain,1108,912,255,0.596,liquid,0.0,-1.25,-69.15
rain,1845,1311,255,0.3287,liquid,0.0,-41.150000000000006,4.550000000000011
rain,1370,1362,255,0.596,liquid,0.0,-46.25,-42.94999999999999
rain,2281,64,255,0.3287,frozen,0.0,83.55,48.150000000000006
rain,2749,878,255,1.0806,liquid,0.0,2.1500000000000057,94.94999999999999
rain,3582,996,255,0.1,liquid,0.0,-9.650000000000006,178.25
rain,1070,975,255,0.1,liquid,0.0,-7.549999999999997,-72.95
rain,2958,832,255,3.552,liquid,0.0,6.75,115.85000000000002
rain,1426,1005,255,0.1,liquid,0.0,-10.549999999999997,-37.349999999999994
rain,1092,726,255,0.596,liquid,0.0,17.349999999999994,-70.75
rain,232,935,255,6.44,liquid,0.0,-3.549999999999997,-156.75
rain,1358,595,255,0.596,liquid,0.0,30.450000000000003,-44.150000000000006
rain,2834,626,255,0.596,liquid,0.0,27.35,103.44999999999999
rain,3240,706,255,0.1813,liquid,0.0,19.349999999999994,144.05
rain,2574,739,255,0.1,liquid,0.0,16.049999999999997,77.44999999999999
rain,2401,60,255,0.1,frozen,0.0,83.95,60.150000000000006
rain,1974,320,255,0.1,liquid,0.0,57.95,17.44999999999999
rain,1648,828,255,0.3287,liquid,0.0,7.150000000000006,-15.150000000000006
rain,3562,975,255,0.1813,liquid,0.0,-7.549999999999997,176.25
rain,2923,1354,255,0.3287,liquid,0.0,-45.44999999999999,112.35000000000002
rain,2759,324,255,0.596,liquid,0.0,57.55,95.94999999999999
rain,2141,805,255,0.1813,liquid,0.0,9.450000000000003,34.150000000000006
rain,561,1333,255,0.1813,liquid,0.0,-43.349999999999994,-123.85
rain,1519,1111,255,0.596,liquid,0.0,-21.150000000000006,-28.05000000000001
rain,2036,791,255,0.1,liquid,0.0,10.849999999999994,23.650000000000006
rain,1806,302,255,1.0806,liquid,0.0,59.75,0.6500000000000057
rain,652,750,255,1.0806,liquid,0.0,14.950000000000003,-114.75
rain,2653,1375,255,1.0806,liquid,0.0,-47.55000000000001,85.35000000000002
rain,13,1231,255,6.44,liquid,0.0,-33.150000000000006,-178.65
rain,1398,768,255,0.1,liquid,0.0,13.150000000000006,-40.150000000000006
rain,3461,890,255,0.1,liquid,0.0,0.9500000000000028,166.14999999999998
rain,1320,1106,255,0.1,liquid,0.0,-20.650000000000006,-47.94999999999999
rain,1077,1592,255,0.1,frozen,0.0,-69.25,-72.25
rain,3484,1209,255,0.1,liquid,0.0,-30.950000000000003,168.45
rain,199,730,255,0.1,liquid,0.0,16.950000000000003,-160.05
rain,3214,1356,255,0.596,liquid,0.0,-45.650000000000006,141.45
rain,1090,659,255,6.44,liquid,0.0,24.049999999999997,-70.95
rain,1720,829,255,1.0806,liquid,0.0,7.049999999999997,-7.949999999999989
rain,1591,1174,255,0.1,liquid,0.0,-27.450000000000003,-20.849999999999994
rain,792,1153,255,0.3287,liquid,0.0,-25.349999999999994,-100.75
rain,1602,823,255,0.596,liquid,0.0,7.650000000000006,-19.75
rain,966,1383,255,0.1,liquid,0.0,-48.349999999999994,-83.35
rain,189,297,255,0.1813,liquid,0.0,60.25,-161.05
rain,2558,357,255,1.0806,liquid,0.0,54.25,75.85
rain,3582,336,255,0.596,liquid,0.0,56.35,178.25
rain,3397,1393,255,0.596,liquid,0.0,-49.349999999999994,159.75
rain,883,870,255,0.596,liquid,0.0,2.950000000000003,-91.65
rain,525,656,255,0.1,liquid,0.0,24.349999999999994,-127.45
rain,846,498,255,0.3287,liquid,0.0,40.15,-95.35
rain,1751,949,255,0.596,liquid,0.0,-4.950000000000003,-4.849999999999994
rain,2574,991,255,0.1,liquid,0.0,-9.150000000000006,77.44999999999999
rain,3232,760,255,0.1,liquid,0.0,13.950000000000003,143.25
rain,1857,1426,255,0.596,liquid,0.0,-52.650000000000006,5.75
rain,29,1489,255,0.596,liquid,0.0,-58.94999999999999,-177.05
rain,1842,372,255,0.1813,liquid,0.0,52.75,4.25
rain,813,794,255,0.1813,liquid,0.0,10.549999999999997,-98.65
rain,2609,534,255,0.3287,liquid,0.0,36.55,80.94999999999999
rain,2160,445,255,0.1,liquid,0.0,45.45,36.05000000000001
rain,2433,241,255,0.1,liquid,0.0,65.85,63.349999999999994
rain,2368,428,255,0.596,liquid,0.0,47.15,56.849999999999994
rain,763,683,255,3.552,liquid,0.0,21.650000000000006,-103.65
rain,3018,1494,255,1.0806,frozen,0.0,-59.44999999999999,121.85000000000002
rain,44,1029,255,0.1,liquid,0.0,-12.950000000000003,-175.55
rain,3252,302,255,1.9591,liquid,0.0,59.75,145.25
rain,1538,229,255,0.3287,liquid,0.0,67.05,-26.150000000000006
rain,329,203,255,0.1,frozen,0.0,69.65,-147.05
rain,1838,1334,255,1.9591,liquid,0.0,-43.44999999999999,3.8499999999999943
rain,2663,794,255,1.0806,liquid,0.0,10.549999999999997,86.35000000000002
rain,941,1349,255,0.1,liquid,0.0,-44.94999999999999,-85.85
rain,2856,579,255,1.0806,liquid,0.0,32.05,105.64999999999998
rain,2324,1451,255,0.1,frozen,0.0,-55.150000000000006,52.44999999999999
rain,1190,707,255,0.596,liquid,0.0,19.25,-60.95
rain,3004,1491,255,0.1,frozen,0.0,-59.150000000000006,120.44999999999999
rain,1046,1396,255,0.1,liquid,0.0,-49.650000000000006,-75.35
rain,2724,1395,255,0.596,liquid,0.0,-49.55000000000001,92.44999999999999
rain,2452,57,255,0.596,frozen,0.0,84.25,65.25
rain,2577,1401,255,0.1813,frozen,0.0,-50.150000000000006,77.75
rain,51,1034,255,0.3287,liquid,0.0,-13.450000000000003,-174.85
rain,1368,611,255,0.1,liquid,0.0,28.85,-43.150000000000006
rain,106,852,255,0.3287,liquid,0.0,4.75,-169.35
rain,3351,1373,255,0.596,liquid,0.0,-47.349999999999994,155.14999999999998
rain,543,771,255,0.596,liquid,0.0,12.849999999999994,-125.65
rain,1495,826,255,0.1,liquid,0.0,7.349999999999994,-30.44999999999999
rain,3411,791,255,0.1,liquid,0.0,10.849999999999994,161.14999999999998
rain,1724,792,255,3.552,liquid,0.0,10.75,-7.550000000000011
rain,1591,220,255,0.3287,liquid,0.0,67.95,-20.849999999999994
rain,1597,833,255,1.0806,liquid,0.0,6.650000000000006,-20.25
rain,976,757,255,0.1813,liquid,0.0,14.25,-82.35
rain,215,923,255,0.596,liquid,0.0,-2.3499999999999943,-158.45
rain,583,752,255,6.44,liquid,0.0,14.75,-121.65
rain,1656,363,255,1.0806,liquid,0.0,53.65,-14.349999999999994
rain,2734,313,255,0.3287,liquid,0.0,58.65,93.44999999999999
rain,355,794,255,0.3287,liquid,0.0,10.549999999999997,-144.45
rain,754,851,255,0.596,liquid,0.0,4.849999999999994,-104.55
rain,2715,804,255,0.1,liquid,0.0,9.549999999999997,91.55000000000001
rain,2015,1162,255,0.3287,liquid,0.0,-26.25,21.55000000000001
rain,3573,583,255,0.1813,liquid,0.0,31.65,177.35000000000002
rain,3440,634,255,1.9591,liquid,0.0,26.549999999999997,164.05
rain,763,862,255,1.0806,liquid,0.0,3.75,-103.65
rain,193,499,255,0.596,liquid,0.0,40.05,-160.65
rain,1501,1423,255,0.3287,liquid,0.0,-52.349999999999994,-29.849999999999994
rain,1584,808,255,0.3287,liquid,0.0,9.150000000000006,-21.55000000000001
rain,1011,1412,255,0.3287,liquid,0.0,-51.25,-78.85
rain,2392,1400,255,0.1,frozen,0.0,-50.05000000000001,59.25
rain,325,1131,255,3.552,liquid,0.0,-23.150000000000006,-147.45
rain,3542,982,255,1.9591,liquid,0.0,-8.25,174.25
rain,423,1150,255,0.596,liquid,0.0,-25.049999999999997,-137.65
rain,2388,1272,255,1.0806,liquid,0.0,-37.25,58.849999999999994
rain,3050,70,255,0.1813,frozen,0.0,82.95,125.05000000000001
rain,3550,821,255,0.596,liquid,0.0,7.849999999999994,175.05
rain,2489,1301,255,0.1813,liquid,0.0,-40.150000000000006,68.94999999999999
rain,2956,1528,255,0.1,frozen,0.0,-62.849999999999994,115.64999999999998
rain,2900,821,255,0.1,liquid,0.0,7.849999999999994,110.05000000000001
rain,1507,1445,255,0.3287,frozen,0.0,-54.55000000000001,-29.25
rain,2709,804,255,3.552,liquid,0.0,9.549999999999997,90.94999999999999
rain,2352,68,255,0.1813,liquid,0.0,83.15,55.25
rain,3404,1045,255,0.1813,liquid,0.0,-14.549999999999997,160.45
rain,606,767,255,6.44,liquid,0.0,13.25,-119.35
rain,3491,915,255,0.596,liquid,0.0,-1.5499999999999972,169.14999999999998
rain,2794,829,255,3.552,liquid,0.0,7.049999999999997,99.44999999999999
rain,2984,810,255,0.1,liquid,0.0,8.950000000000003,118.44999999999999
rain,1470,656,255,1.9591,liquid,0.0,24.349999999999994,-32.94999999999999
rain,415,349,255,0.3287,liquid,0.0,55.05,-138.45
rain,1116,962,255,0.3287,liquid,0.0,-6.25,-68.35
rain,397,206,255,0.1,liquid,0.0,69.35,-140.25
rain,2157,533,255,0.596,liquid,0.0,36.65,35.75
rain,2113,1202,255,1.9591,liquid,0.0,-30.25,31.349999999999994
rain,1035,1359,255,0.1,liquid,0.0,-45.94999999999999,-76.45
rain,280,1482,255,1.0806,liquid,0.0,-58.25,-151.95
rain,1419,337,255,0.3287,liquid,0.0,56.25,-38.05000000000001
rain,949,750,255,3.552,liquid,0.0,14.950000000000003,-85.05
rain,2235,187,255,0.596,liquid,0.0,71.25,43.55000000000001
rain,2138,1200,255,0.1,liquid,0.0,-30.049999999999997,33.849999999999994
rain,3484,1364,255,0.3287,liquid,0.0,-46.44999999999999,168.45
rain,88,817,255,3.552,liquid,0.0,8.25,-171.15
rain,150,1666,255,1.0806,frozen,0.0,-76.65,-164.95
rain,1591,358,255,1.9591,liquid,0.0,54.15,-20.849999999999994
rain,210,949,255,0.3287,liquid,0.0,-4.950000000000003,-158.95
rain,193,1563,255,0.596,frozen,0.0,-66.35,-160.65
rain,3548,1114,255,0.596,liquid,0.0,-21.450000000000003,174.85000000000002
rain,541,1349,255,0.1,liquid,0.0,-44.94999999999999,-125.85
rain,258,1557,255,0.3287,frozen,0.0,-65.75,-154.15
rain,710,613,255,6.44,liquid,0.0,28.65,-108.95
rain,2101,298,255,0.1813,liquid,0.0,60.15,30.150000000000006
rain,354,570,255,1.9591,liquid,0.0,32.95,-144.55
rain,445,1185,255,1.9591,liquid,0.0,-28.549999999999997,-135.45
rain,3034,1461,255,0.1,frozen,0.0,-56.150000000000006,123.44999999999999
rain,1494,463,255,0.596,liquid,0.0,43.65,-30.55000000000001
rain,416,1139,255,0.3287,liquid,0.0,-23.950000000000003,-138.35
rain,3181,1468,255,0.3287,frozen,0.0,-56.849999999999994,138.14999999999998
dry,3308,539,0,0.0,none,0.0,36.05,150.85000000000002
dry,1762,1658,0,0.0,none,0.0,-75.85,-3.75
dry,2091,382,0,0.0,none,0.0,51.75,29.150000000000006
dry,849,561,0,0.0,none,0.0,33.85,-95.05
dry,3412,1300,0,0.0,none,0.0,-40.05000000000001,161.25
dry,2190,1070,0,0.0,none,0.0,-17.049999999999997,39.05000000000001
dry,1274,782,0,0.0,none,0.0,11.75,-52.55
dry,2015,979,0,0.0,none,0.0,-7.950000000000003,21.55000000000001
dry,2189,1570,0,0.0,none,0.0,-67.05000000000001,38.94999999999999
dry,2386,150,0,0.0,none,0.0,74.95,58.650000000000006
dry,3487,1388,0,0.0,none,0.0,-48.849999999999994,168.75
dry,616,1534,0,0.0,none,0.0,-63.44999999999999,-118.35
dry,1951,1075,0,0.0,none,0.0,-17.549999999999997,15.150000000000006
dry,2446,1383,0,0.0,none,0.0,-48.349999999999994,64.65
dry,1180,1718,0,0.0,none,0.0,-81.85,-61.95
dry,1505,1156,0,0.0,none,0.0,-25.650000000000006,-29.44999999999999
dry,382,1488,0,0.0,none,0.0,-58.849999999999994,-141.75
dry,1114,541,0,0.0,none,0.0,35.85,-68.55
dry,2127,1269,0,0.0,none,0.0,-36.95,32.75
dry,160,1753,0,0.0,none,0.0,-85.35,-163.95
dry,629,1625,0,0.0,none,0.0,-72.55000000000001,-117.05
dry,1111,1647,0,0.0,none,0.0,-74.75,-68.85
dry,536,66,0,0.0,none,0.0,83.35,-126.35
dry,1651,80,0,0.0,none,0.0,81.95,-14.849999999999994
dry,572,1344,0,0.0,none,0.0,-44.44999999999999,-122.75
dry,2929,457,0,0.0,none,0.0,44.25,112.94999999999999
dry,595,419,0,0.0,none,0.0,48.05,-120.45
dry,1594,50,0,0.0,none,0.0,84.95,-20.55000000000001
dry,2317,192,0,0.0,none,0.0,70.75,51.75
dry,2410,906,0,0.0,none,0.0,-0.6500000000000057,61.05000000000001
dry,268,222,0,0.0,none,0.0,67.75,-153.15
dry,1433,709,0,0.0,none,0.0,19.049999999999997,-36.650000000000006
dry,1550,431,0,0.0,none,0.0,46.85,-24.94999999999999
dry,2491,443,0,0.0,none,0.0,45.65,69.15
dry,2215,1561,0,0.0,none,0.0,-66.15,41.55000000000001
dry,1589,526,0,0.0,none,0.0,37.35,-21.05000000000001
dry,2961,446,0,0.0,none,0.0,45.35,116.14999999999998
dry,1545,1486,0,0.0,none,0.0,-58.650000000000006,-25.44999999999999
dry,2811,214,0,0.0,none,0.0,68.55,101.14999999999998
dry,215,301,0,0.0,none,0.0,59.85,-158.45
dry,3597,1149,0,0.0,none,0.0,-24.950000000000003,179.75
dry,1970,414,0,0.0,none,0.0,48.55,17.05000000000001
dry,3421,531,0,0.0,none,0.0,36.85,162.14999999999998
dry,3483,871,0,0.0,none,0.0,2.8499999999999943,168.35000000000002
dry,2026,1463,0,0.0,none,0.0,-56.349999999999994,22.650000000000006
dry,2077,1471,0,0.0,none,0.0,-57.150000000000006,27.75
dry,3575,853,0,0.0,none,0.0,4.650000000000006,177.55
dry,3585,1077,0,0.0,none,0.0,-17.75,178.55
dry,1760,87,0,0.0,none,0.0,81.25,-3.9499999999999886
dry,2467,553,0,0.0,none,0.0,34.65,66.75
dry,1150,786,0,0.0,none,0.0,11.349999999999994,-64.95
dry,1747,193,0,0.0,none,0.0,70.65,-5.25
dry,542,1490,0,0.0,none,0.0,-59.05000000000001,-125.75
dry,1147,1282,0,0.0,none,0.0,-38.25,-65.25
dry,961,1352,0,0.0,none,0.0,-45.25,-83.85
dry,2569,1139,0,0.0,none,0.0,-23.950000000000003,76.94999999999999
dry,2667,321,0,0.0,none,0.0,57.85,86.75
dry,3215,827,0,0.0,none,0.0,7.25,141.55
dry,251,35,0,0.0,none,0.0,86.45,-154.85
dry,2074,1228,0,0.0,none,0.0,-32.849999999999994,27.44999999999999
dry,1393,538,0,0.0,none,0.0,36.15,-40.650000000000006
dry,2355,1200,0,0.0,none,0.0,-30.049999999999997,55.55000000000001
dry,1232,5,0,0.0,none,0.0,89.45,-56.75
dry,2774,1325,0,0.0,none,0.0,-42.55000000000001,97.44999999999999
dry,1817,1716,0,0.0,none,0.0,-81.65,1.75
dry,1493,439,0,0.0,none,0.0,46.05,-30.650000000000006
dry,2881,1332,0,0.0,none,0.0,-43.25,108.14999999999998
dry,868,1232,0,0.0,none,0.0,-33.25,-93.15
dry,716,534,0,0.0,none,0.0,36.55,-108.35
dry,2334,524,0,0.0,none,0.0,37.55,53.44999999999999
dry,2507,1532,0,0.0,none,0.0,-63.25,70.75
dry,1521,669,0,0.0,none,0.0,23.049999999999997,-27.849999999999994
dry,2384,1035,0,0.0,none,0.0,-13.549999999999997,58.44999999999999
dry,3430,231,0,0.0,none,0.0,66.85,163.05
dry,87,1615,0,0.0,none,0.0,-71.55000000000001,-171.25
dry,2701,1323,0,0.0,none,0.0,-42.349999999999994,90.14999999999998
dry,2195,1120,0,0.0,none,0.0,-22.049999999999997,39.55000000000001
dry,3483,1225,0,0.0,none,0.0,-32.55,168.35000000000002
dry,2317,1752,0,0.0,none,0.0,-85.25,51.75
dry,2789,528,0,0.0,none,0.0,37.15,98.94999999999999
dry,2315,1481,0,0.0,none,0.0,-58.150000000000006,51.55000000000001
dry,1319,154,0,0.0,none,0.0,74.55,-48.05000000000001
dry,2259,1394,0,0.0,none,0.0,-49.44999999999999,45.94999999999999
dry,3315,1258,0,0.0,none,0.0,-35.849999999999994,151.55
dry,811,186,0,0.0,none,0.0,71.35,-98.85
dry,980,347,0,0.0,none,0.0,55.25,-81.95
dry,408,827,0,0.0,none,0.0,7.25,-139.15
dry,2388,1735,0,0.0,none,0.0,-83.55000000000001,58.849999999999994
dry,402,780,0,0.0,none,0.0,11.950000000000003,-139.75
dry,1980,851,0,0.0,none,0.0,4.849999999999994,18.05000000000001
dry,511,293,0,0.0,none,0.0,60.65,-128.85
dry,1114,376,0,0.0,none,0.0,52.35,-68.55
dry,653,1043,0,0.0,none,0.0,-14.349999999999994,-114.65
dry,3157,1191,0,0.0,none,0.0,-29.150000000000006,135.75
dry,238,192,0,0.0,none,0.0,70.75,-156.15
dry,276,1228,0,0.0,none,0.0,-32.849999999999994,-152.35
dry,3466,335,0,0.0,none,0.0,56.45,166.64999999999998
dry,630,1194,0,0.0,none,0.0,-29.450000000000003,-116.95
dry,2687,1093,0,0.0,none,0.0,-19.349999999999994,88.75
dry,1544,667,0,0.0,none,0.0,23.25,-25.55000000000001
dry,2077,26,0,0.0,none,0.0,87.35,27.75
dry,1500,1030,0,0.0,none,0.0,-13.049999999999997,-29.94999999999999
dry,2829,1658,0,0.0,none,0.0,-75.85,102.94999999999999
dry,1955,1050,0,0.0,none,0.0,-15.049999999999997,15.550000000000011
dry,1579,598,0,0.0,none,0.0,30.15,-22.05000000000001
dry,2197,686,0,0.0,none,0.0,21.349999999999994,39.75
dry,2255,287,0,0.0,none,0.0,61.25,45.55000000000001
dry,2394,1370,0,0.0,none,0.0,-47.05000000000001,59.44999999999999
dry,988,1464,0,0.0,none,0.0,-56.44999999999999,-81.15
dry,943,1455,0,0.0,none,0.0,-55.55000000000001,-85.65
dry,3152,1041,0,0.0,none,0.0,-14.150000000000006,135.25
dry,1617,295,0,0.0,none,0.0,60.45,-18.25
dry,1160,1511,0,0.0,none,0.0,-61.150000000000006,-63.95
dry,1438,734,0,0.0,none,0.0,16.549999999999997,-36.150000000000006
dry,3522,1163,0,0.0,none,0.0,-26.349999999999994,172.25
dry,175,1354,0,0.0,none,0.0,-45.44999999999999,-162.45
dry,2929,1603,0,0.0,none,0.0,-70.35,112.94999999999999
dry,1093,1134,0,0.0,none,0.0,-23.450000000000003,-70.65
dry,71,1106,0,0.0,none,0.0,-20.650000000000006,-172.85
dry,3575,418,0,0.0,none,0.0,48.15,177.55
dry,2300,33,0,0.0,none,0.0,86.65,50.05000000000001
dry,1327,952,0,0.0,none,0.0,-5.25,-47.25
dry,3230,216,0,0.0,none,0.0,68.35,143.05
dry,645,1531,0,0.0,none,0.0,-63.150000000000006,-115.45
dry,1212,264,0,0.0,none,0.0,63.55,-58.75
dry,2518,328,0,0.0,none,0.0,57.15,71.85
dry,3547,1654,0,0.0,none,0.0,-75.44999999999999,174.75
dry,3584,1434,0,0.0,none,0.0,-53.44999999999999,178.45
dry,3426,1136,0,0.0,none,0.0,-23.650000000000006,162.64999999999998
dry,1721,87,0,0.0,none,0.0,81.25,-7.849999999999994
dry,421,358,0,0.0,none,0.0,54.15,-137.85
dry,2350,1633,0,0.0,none,0.0,-73.35,55.05000000000001
dry,2048,1663,0,0.0,none,0.0,-76.35,24.849999999999994
dry,156,1362,0,0.0,none,0.0,-46.25,-164.35
dry,454,847,0,0.0,none,0.0,5.25,-134.55
dry,1419,1697,0,0.0,none,0.0,-79.75,-38.05000000000001
dry,243,1668,0,0.0,none,0.0,-76.85,-155.65
dry,2043,735,0,0.0,none,0.0,16.450000000000003,24.349999999999994
dry,1309,106,0,0.0,none,0.0,79.35,-49.05000000000001
dry,1673,67,0,0.0,none,0.0,83.25,-12.650000000000006
dry,1561,1061,0,0.0,none,0.0,-16.150000000000006,-23.849999999999994
dry,1995,1733,0,0.0,none,0.0,-83.35,19.55000000000001
dry,3013,1455,0,0.0,none,0.0,-55.55000000000001,121.35000000000002
dry,977,465,0,0.0,none,0.0,43.45,-82.25
dry,587,547,0,0.0,none,0.0,35.25,-121.25
dry,533,548,0,0.0,none,0.0,35.15,-126.65
dry,2019,1595,0,0.0,none,0.0,-69.55000000000001,21.94999999999999
dry,1888,587,0,0.0,none,0.0,31.25,8.849999999999994
dry,1705,1555,0,0.0,none,0.0,-65.55000000000001,-9.449999999999989
dry,1252,196,0,0.0,none,0.0,70.35,-54.75
